{"name":null,"assets":"aoy4:pathy21:img%2FchangeScene.pngy4:sizei19011y4:typey5:IMAGEy2:idR1y7:preloadtgoR0y14:img%2Fchip.pngR2i2440R3R4R5R7R6tgoR0y17:img%2Fc_arrow.pngR2i890R3R4R5R8R6tgoR0y17:img%2Fc_block.pngR2i1034R3R4R5R9R6tgoR0y17:img%2Fc_boss1.pngR2i1252R3R4R5R10R6tgoR0y18:img%2Fc_cursor.pngR2i932R3R4R5R11R6tgoR0y16:img%2Fc_hero.pngR2i2867R3R4R5R12R6tgoR0y17:img%2Fc_slime.pngR2i1050R3R4R5R13R6tgoR0y18:img%2Fc_slime2.pngR2i1178R3R4R5R14R6tgoR0y16:img%2Fi_face.bmpR2i4102R3R4R5R15R6tgoR0y16:img%2Fi_face.pngR2i984R3R4R5R16R6tgoR0y18:img%2Fpanorama.pngR2i95417R3R4R5R17R6tgoR0y26:img%2Fstage%2Fstage0-0.csvR2i6036R3y4:TEXTR5R18R6tgoR0y26:img%2Fstage%2Fstage1-1.csvR2i917R3R19R5R20R6tgoR0y26:img%2Fstage%2Fstage1-2.csvR2i2025R3R19R5R21R6tgoR0y26:img%2Fstage%2Fstage1-3.csvR2i4022R3R19R5R22R6tgoR0y26:img%2Fstage%2Fstage1-4.csvR2i3325R3R19R5R23R6tgoR0y26:img%2Fstage%2Fstage1-5.csvR2i1020R3R19R5R24R6tgoR0y15:img%2Ftitle.pngR2i148196R3R4R5R25R6tgoR0y18:img%2Fu_window.pngR2i959R3R4R5R26R6tgh","version":2,"libraryArgs":[],"libraryType":null}